{"cameraMode":{"drawMode":0,"name":"Shaded","section":"Shading Mode"},"sceneLighting":true,"audioPlay":false,"sceneViewState":{"showFog":true,"showMaterialUpdate":false,"showSkybox":true,"showFlares":true,"showImageEffects":true,"showParticleSystems":true},"in2DMode":false,"pivot":{"x":41.8346061706543,"y":6.234704971313477,"z":-30.01931381225586},"rotation":{"x":-0.1660635769367218,"y":-0.5365834832191467,"z":0.10873892158269882,"w":-0.8203233480453491},"size":0.19219493865966798,"orthographic":false}